TF,TCGA_E2_A10E_01A_21R_A10J_07,TCGA_D8_A1JB_01A_11R_A13Q_07,TCGA_AR_A5QN_01A_12R_A28M_07,TCGA_LL_A50Y_01A_11R_A266_07,TCGA_B6_A0I5_01A_11R_A034_07,TCGA_D8_A141_01A_11R_A115_07,TCGA_E2_A14Q_01A_11R_A12D_07,TCGA_B6_A0I8_01A_11R_A034_07,TCGA_AC_A3HN_01A_11R_A213_07,TCGA_A2_A04V_01A_21R_A034_07,TCGA_A2_A1FW_01A_11R_A13Q_07,TCGA_C8_A12U_01A_11R_A115_07,TCGA_EW_A1PC_01B_11R_A21T_07,TCGA_5T_A9QA_01A_11R_A41B_07,TCGA_AN_A0AJ_01A_11R_A00Z_07,TCGA_A2_A04R_01A_41R_A109_07,TCGA_AR_A0TV_01A_21R_A084_07,TCGA_A8_A09R_01A_11R_A00Z_07,TCGA_E2_A1L7_01A_11R_A144_07,TCGA_BH_A42T_01A_11R_A24H_07
ALX4,-1720.4455580131664,-1250.6545899000391,-2198.1729514498343,-1343.7803107301756,-2033.4557401352001,-1984.0940922381662,-2224.350644011628,-2298.607924051754,-2154.3447898712434,-2164.2962094876307,-1992.5791527932029,-2089.823145797291,-2301.8117295002944,-1851.1013241045725,-2086.193153116538,-2289.1068757493085,-2310.9730843487364,-2102.3038388739033,-2290.531408385004,-1767.256128802144
ARX,-1614.7038473629602,-938.4254779487172,-2143.2711134876463,-782.3538704834369,-1912.4637881394992,-1769.0712565574038,-2155.425157576476,-2241.0887759769826,-2132.4939015375708,-2116.969892134922,-2028.4532476777201,-1847.5515753530046,-2342.336294140558,-1756.4191312074763,-1957.163780178484,-2255.5482494529338,-2302.172527944204,-1973.1830215341429,-2236.8484767828577,-1603.3757026475198
ATF2,-468.1965135713042,-323.1309764273035,-549.491303820883,-319.58079818556996,-648.4628617162259,-438.8713749120107,-620.5053661241625,-629.6520622504778,-579.3325909857851,-618.0793702819382,-418.97037970471206,-519.3804113908226,-685.3447212048852,-706.9595776888206,-548.623564948008,-563.6964755720065,-674.7446781565926,-560.8813759762119,-742.4935308092964,-394.2531655586148
ATF6,-844.2275547308635,-602.3715688281299,-979.493370449426,-1020.1380235115191,-1153.7203262513958,-898.6423483591656,-938.8375065332218,-1007.3946210337683,-930.7590687725202,-874.694975680115,-606.0061691999131,-819.4320527480572,-958.6278198955575,-711.3553850686509,-911.8637450301215,-969.793209864584,-601.6426284946256,-932.5069076601502,-928.5412944851696,-1160.704462301966
BACH2,-1234.1169939888177,-828.3254577587855,-1455.603835353923,-889.4722817864675,-1413.598821235456,-1238.0639780128445,-1490.392684171141,-1528.210171615681,-1426.3652543752307,-1444.8465881025988,-1443.062233724384,-1226.0781519110794,-1620.768153768021,-1376.1847181585285,-1411.9156065105274,-1464.8479691450968,-1555.3525931040383,-1462.3487829058201,-1569.3495798680233,-1209.3100826022605
BARX2,12.394282249875522,634.7926693696329,-527.6649088915566,1359.4689420846094,-229.03290014879587,-149.50010438715856,-593.0982755359524,-699.2012038029432,-692.0911492189584,-538.5353150916736,-1341.8803961937354,-393.5368497853486,-913.4416937366456,-497.0177212675033,-492.5949418078782,-617.3959004957483,-781.6947336258903,-403.1058158407847,-640.1544432805736,-101.74527779755932
BCL6,-595.7858829961875,-23.661423025742838,-1008.9753377864532,-335.4043254370404,-759.0157629233033,-615.7716097366158,-982.3308090251348,-1120.6888727800556,-908.1985938555065,-1004.0155295352,-1021.9337429996308,-830.7641578816099,-1241.0609281111435,-772.3088208116857,-927.8042656295214,-1008.3422174782494,-1189.7055141893677,-878.3206295605834,-1052.3690957989538,-707.9362732186324
CDX1,-318.97271522131484,292.07878403868716,-723.2327366019031,732.7138233201182,-420.57943652994516,-463.1800321378816,-856.1163188194291,-976.3292439750694,-787.6146467731521,-855.1942709617823,-1299.4974109045345,-510.97689101685694,-1124.3157661754524,-809.8912712706621,-792.6885755519423,-970.3451185385928,-1139.0326240021243,-604.6848001067019,-937.2110518836581,-540.748297109696
CEBPE,-2395.7038444874215,-2100.9301312420935,-2545.37740839555,-2101.498619215218,-2419.179819283277,-2392.9582954905745,-2545.8516181896875,-2548.1514352800627,-2544.9241985261674,-2507.430478989862,-2222.5028353249563,-2637.6387744065737,-2607.306504398682,-2412.8436533104623,-2460.629876593268,-2549.9765309354775,-2458.475184067709,-2591.7333908726837,-2476.0450109556486,-2227.5379066311066
CREB1,-356.10478321056684,46.93786397618213,-572.0211135691593,314.7789027552089,-572.1448253886117,-408.1853324732371,-692.7511960653869,-832.5014998653953,-605.0616611548892,-696.4858609860304,-823.8609255215954,-517.4435933731262,-860.4509027006343,-653.3927693732064,-647.3911197758421,-752.441400255089,-919.0321918353877,-427.6468791718078,-853.0811630832422,-505.6365898670999
CREB3,-1156.1972345256074,-683.3352116401517,-1176.0483072758225,-1329.8461537603978,-1258.8079002079908,-1062.9031839193244,-1220.5076600003986,-1169.997324069416,-1168.0470245454724,-1138.1370950111536,-1267.5489784595945,-1209.9793827065012,-986.7365911220007,-719.5859162700581,-1141.5831965028926,-1220.7891949968887,-1039.5957817303608,-1219.5391872157707,-1282.5520880219274,-1130.0244637676612
CREM,-1343.8297731562077,-1219.3951023813197,-1426.9364723191438,-1366.7373718381039,-1529.3160896067013,-1359.3566097315838,-1495.8807257404715,-1465.2073481856617,-1486.4453758129505,-1432.8494496561093,-1293.2679494597157,-1503.9977985751864,-1145.465127606019,-1177.941802017865,-1399.3631079699212,-1374.2326051544678,-1330.2051952472882,-1466.5160800662093,-1600.4346427619466,-1205.715982317665
CRX,-820.2011831005082,-491.78831243651126,-1094.2021866760138,-230.39415665971796,-869.6582933259776,-897.258677936629,-1102.8005592977058,-1191.574604678524,-1049.3855995379893,-1065.2205550374717,-1434.492400638654,-1080.0808934169088,-1265.779963987248,-839.300510953335,-970.8423332060353,-1154.237797018837,-1103.5453244920182,-993.9847917331559,-1129.420270184854,-873.4535910162357
CTCF,2860.22090020534,2234.156950452675,3227.6792205376214,2327.7658019603514,2981.2767671928777,3059.355036573942,3172.2489042568413,3151.408464823257,3262.928039998902,3104.8682428560946,2803.0162699024095,3385.821154283428,3251.815227371849,2912.3171996574924,2896.030894946457,3204.863598419323,3147.311140356855,3288.640537071463,3279.953971382992,2555.335788026971
CUX2,-2160.817701796714,-1654.0950158930643,-2586.548425959922,-1469.9056281987562,-2353.4376500676753,-2450.9253087544917,-2628.070118846291,-2676.1296251822223,-2615.9784731712048,-2562.7107641016205,-2445.6525727144003,-2561.1731657388173,-2722.9623377084154,-2421.902914444172,-2471.8717124805517,-2666.567759410269,-2641.6134532678752,-2529.1179221962607,-2688.4608824049374,-2054.395257719067
DBP,-2054.6801769869935,-1389.867523918262,-2465.562525460186,-1034.1907401964354,-2274.4275859036984,-2237.829954741635,-2484.7490023773516,-2590.381295071057,-2491.5349436811466,-2423.8052263037857,-2502.667022777758,-2508.4171880139174,-2616.4336863712438,-2089.5385130501445,-2344.3103021934535,-2506.0138784087544,-2573.814759291635,-2435.9997533844357,-2519.2025854388935,-1874.7919565501372
DLX2,-1409.7608810519746,-685.4404993982207,-1809.1214284942073,-526.7241459646996,-1603.050959611643,-1454.6772971520406,-1909.140820728181,-2079.726242325463,-1862.7934779073562,-1862.8460143461534,-1933.280527856125,-1708.371170842409,-2105.3644178855857,-1568.543782210209,-1757.3147309014444,-1973.7662566255642,-2091.694648399403,-1701.6982425342467,-2026.8924701145982,-1368.5485021742136
DLX3,-1665.1461749888476,-1131.4408961950558,-1993.075142804733,-970.8335911535681,-1846.336968981578,-1729.8676795776948,-2079.8163203066924,-2168.9787213532823,-2034.940920591816,-2026.8034319724209,-2090.6603841733445,-1817.6500245362424,-2197.4699489201803,-1965.0269556031335,-1953.6709672451525,-2097.721565967015,-2173.344886369659,-1947.1228441136466,-2154.419393758346,-1636.395180420201
DLX4,-1930.0515724117354,-1445.9762660287063,-2240.5933178354335,-1266.1584978723872,-2090.61419286195,-2037.220770312069,-2314.1797854077363,-2362.979781834809,-2312.873135544597,-2256.539017055807,-2300.3020046033043,-2190.695849063778,-2391.279273848631,-2138.258983892175,-2173.6415542664217,-2312.05044858029,-2375.2075721994756,-2215.4177193597916,-2377.959551117794,-1864.2102871374402
DLX6,-1788.2985562895599,-1089.585073719809,-2228.81094906427,-929.0616266823803,-1990.3590607535584,-1912.2056228803508,-2292.9920422243904,-2411.789771192861,-2213.591937740105,-2212.9959497279287,-2269.439943386678,-2001.4464171962331,-2435.6546156309405,-2048.950642725665,-2130.854791451398,-2301.6532186828003,-2382.849417238281,-2072.0185893420226,-2335.64381742792,-1739.3617219912117
DMRT3,-1621.6366783611224,-980.1554416123635,-2056.803088694975,-727.9634918293989,-1787.3439339234728,-1796.1625557088682,-2156.2758591318534,-2272.7435898654385,-2008.6345001790662,-2081.2814116730897,-2155.214713919713,-2157.405907971274,-2409.6549380338647,-1890.4534741664415,-2008.196552559227,-2205.387898214544,-2203.0487355119403,-1935.8945616269111,-2262.749213452331,-1558.495046395899
E2F1,-1853.0334527602165,-1395.726340759275,-2243.6073395439453,-2225.012777671752,-2306.885608043038,-1784.285775586786,-2138.57302377566,-2234.9450737974876,-2180.3660213039943,-2112.3460341736827,-1869.5276292231724,-2399.1276324781757,-1726.259692685693,-1253.7018565861406,-2227.248105133803,-2208.993834363943,-1812.2023513604204,-2180.0908842648305,-2007.3188328453637,-1515.0409663950143
E2F2,-1388.477548023997,-1017.4365268237731,-1671.0064370696455,-1933.0602634043723,-1821.6679260399903,-1507.2756841064263,-1524.3831245513609,-1538.1625231065584,-1749.510756393447,-1536.6347535409448,-463.1666132756637,-2000.758676012153,-1101.5800481698845,-552.5737851660587,-1644.742516658788,-1570.524712059202,-1017.6313689142377,-1803.3260258544667,-1419.1661962226747,-1191.4539163776617
E2F3,-2635.7912165957987,-2379.469088545964,-2770.7690725437283,-2357.2678740201127,-2664.2151457950217,-2762.577960492745,-2782.3590624838735,-2803.656809553761,-2785.487390927049,-2759.4885445918435,-2763.8740012897956,-2789.165903432915,-2716.5823817099467,-2522.2661532566426,-2705.133995743337,-2771.65789140794,-2742.13174476099,-2810.4661973223574,-2777.680319160955,-2466.6960127088832
EBF3,2239.9881421147147,1782.0404319676975,2743.8983366751813,1089.8791749650466,2243.976732289388,2750.6925894540936,2651.440289833257,2670.3898922482836,2891.8162569656492,2605.2585517464863,2363.141653358689,2980.6389969799447,2681.8544713635256,2201.221746782417,2381.202542512815,2739.204471427472,2663.2726187883495,2781.1744765448307,2757.0246280582232,2017.9210366880634
ELF2,481.51720665917276,376.08010309546705,368.95195038841285,181.98877945429587,459.5753490093596,480.3332480288091,660.2110525360187,686.6312517296159,22.662800950213736,738.0606437903566,853.418524847813,-306.65499799219396,950.7036572096745,1260.5969906627972,638.8182648063017,725.0250266570691,1042.0631833721307,397.8091296600657,657.0198029780095,637.1511819918636
ELF4,655.7244876213339,484.5915500916881,618.6269879530744,45.645146091898894,692.805162915663,718.3836163553144,965.9165483743997,997.4160183669577,422.9708780195078,967.0058850338503,1142.7209391059391,10.542346944900455,1182.5738557931727,1130.1090667992733,935.8993503586863,1004.686469483868,1285.7030611918558,688.5678774693273,777.6173679223612,829.5256260457065
ELK3,238.9369272086688,-135.99795416452466,341.01220388587166,-635.4981454757293,396.2330200836923,164.14162143159788,748.0473916865369,886.7089610636215,30.075196606701283,761.8045998038239,1123.7127117874784,-386.2735534965778,1252.2808042680867,1033.223093209362,698.476249485852,740.9230204828627,1194.2865244739864,160.42680777518325,603.7116810740719,585.6596647470241
ERF,-299.0397979906385,-209.989570381091,-449.279432566893,-712.71029766827,-307.1684830224675,-205.04710448273795,-153.23156524359925,-29.77556925416825,-509.7004258585508,-123.99116460498526,126.2127579386732,-852.1374080297929,113.8253268163982,579.7430749094531,-119.74316270693092,-82.66350838525192,215.0158414922834,-436.2996122177989,-232.37619352863095,-53.21058638370656
ESR1,-1044.1536965349194,-838.9752423441469,-1420.5923389469717,-913.2335422395429,-1221.7359889715215,-1863.1761748350707,-1500.24493577346,-1692.8216741549008,-1568.9854239603417,-1741.9935750731584,1416.7571538071702,-1709.419365860928,-1905.7946391234316,-2163.672185780966,-1059.5096764097982,-1580.6235233446857,-1414.8215690381014,-1596.4546874066325,-1761.23251414248,-183.31096806683533
ESRRB,85.73469886165617,-244.6231792530665,138.70169028525606,366.83313660284676,160.72657533415025,-58.83261204701138,112.86076375937586,-26.38526598877071,163.15468813431403,66.48814743151407,479.4625749252968,-142.93355294313986,262.40733936971486,-181.9990026591164,-37.69383575572144,163.71281324576978,-131.7204068571267,97.56191985498056,-120.91830669562601,533.0087970811454
ETV1,2822.2635708008006,2479.8381869568775,2970.289556916848,2450.698903147838,2917.311399761152,2971.20091585341,2931.041844922155,2979.813176285195,3073.548453581715,2959.0359601629298,3316.285968411839,3051.4300759687508,2661.2109746150195,2644.414707854958,2885.055388714421,2998.913959263507,2914.1387293080975,2964.6044930842813,2972.259156829293,2777.141060454413
ETV2,331.86098984971625,352.5085621544255,83.15779390551937,296.6244979034715,271.1984556231689,424.539321013586,353.7857638666452,413.70234262108033,-14.31081770429222,367.0673275434719,41.07539269917815,-303.7570185840721,563.4125346831261,968.1245360143646,348.94237908310544,400.74283709326807,742.9433611809526,256.7420486513995,352.79117988715393,288.3724057222897
ETV3,312.80206015971777,59.32972559710146,290.94187207817043,-186.9018015463583,470.7076661700885,196.7856618299862,714.2718917313167,842.400620368823,-40.326805354634025,699.0205697649826,825.5602122497744,-394.95767883136386,1107.8824891612342,987.5424331614505,663.635627346859,623.352681666814,1035.312058608192,246.04043869279445,602.5990769881791,602.5137470986845
ETV7,2030.2914255069359,1657.5406890904974,2234.789934928115,1513.5701906554045,2380.098100129827,1977.5441890002144,2533.3306906036723,2548.46732048518,2001.4480781474595,2449.909372966908,2605.0922103817647,1525.7946503857572,2595.6123202154026,2177.962153915583,2355.623049607405,2501.5172588342775,2666.480556832153,2232.249132473883,2521.9068710501087,2169.04546808357
EVX1,-2059.346747636738,-1526.431561664828,-2468.104958043238,-1697.935079879647,-2361.759751141303,-2226.0546809338257,-2462.024337631294,-2580.0652975403427,-2435.9248852615356,-2432.874203018276,-2201.290713104931,-2433.171019473204,-2535.7400915998815,-2130.232038569142,-2400.5086074155392,-2503.963195970672,-2564.0079721310085,-2274.118524220673,-2551.633638715651,-2023.0599501849817
FOSL2,352.74157863494963,168.79023429864208,428.5584891905178,-352.1509275847436,330.5324923939892,443.66615986887905,465.74526034561694,484.89563188305374,502.17726382524273,458.35710757551857,1162.1143041186747,564.3552715026398,308.529385951006,522.3795347884626,504.2713904134145,612.1357434645288,579.6114516309747,228.1296683124907,202.0155722026866,495.48975975403414
FOXC1,404.238199103008,1156.0747353879472,-142.15369799742217,1828.886114069478,242.12700771784398,136.6253771595141,-242.15755452063868,-412.1892177418063,-263.87588016525166,-174.50235372369474,-732.9883429590859,-102.3472977611542,-650.0114802879524,55.938060803121175,-92.11234681724741,-332.27901072679515,-416.1406187533695,95.62332178370937,-272.73249104893443,245.59893805407842
FOXF1,-274.86407208184505,509.0094378722856,-793.0222619708172,1196.650859366424,-308.44719241958467,-493.1418672383938,-898.922358370131,-1031.8023665827589,-844.5682439697332,-830.7149549851439,-1668.489997693802,-451.3965607240795,-1269.584060200865,-721.4446938955168,-778.1725717404656,-979.7778795614208,-1080.9740407720508,-586.1085437105432,-879.3564244261461,-379.40795799494066
FOXJ2,-669.6769125239309,100.97318945529626,-1219.7278109332049,679.4042049156017,-851.161615880433,-868.1029928838841,-1347.9080895257289,-1482.2169263750018,-1232.796178842493,-1266.7714222112022,-1787.2997051802176,-1004.369000557689,-1704.7836545640114,-1114.571174501903,-1210.8964622796318,-1434.3438056280747,-1564.4822437092207,-993.6874444253781,-1374.6658060023808,-763.311344298139
FOXN3,-2454.0478490781506,-2135.2704728251247,-2709.166193772025,-2039.1994035807672,-2704.343448750767,-2512.6000025691014,-2690.221392821239,-2713.1256081488714,-2640.358163107545,-2670.140654316039,-2355.9440374164365,-2688.2218508826754,-2690.392599308659,-2491.262720273863,-2573.7855362432883,-2727.464254224672,-2741.0978711034422,-2696.9134176208686,-2808.4929229141508,-2347.0369642908768
FOXP1,-120.98935149287364,663.6530596941286,-647.664532763722,1218.6785912289656,-169.89829165520436,-326.8750966612752,-735.410741232741,-881.7806071368493,-614.506124089728,-675.324930887229,-1463.8208986067743,-339.7242454274195,-1151.5849101486103,-620.6059481270597,-624.8922125261577,-794.1652000888078,-909.8298487967897,-454.7597736535626,-770.1112638348862,-256.0233334190965
FOXP3,-1403.6382088349264,-855.2951424881454,-1757.5032391110574,-540.3928873575899,-1456.5124496156182,-1568.4688994798814,-1809.518070485783,-1887.6132955040703,-1730.5509709105936,-1789.2993240651272,-2004.0627763098587,-1465.6684489472832,-2058.855932274686,-1599.2077023319007,-1756.1883425366082,-1886.7806501655134,-1933.6100543460427,-1706.1674345098656,-1865.5521786379345,-1411.3143629716337
GATA1,-898.9955974990432,-199.97425451339498,-1358.2682553036027,-144.04265484486405,-847.0401207313895,-907.7873404622145,-1367.3044843518778,-1448.4122051084903,-1222.505089888644,-1340.071613063495,-1835.1364385837046,-1199.7067475858228,-1771.744554368571,-1317.95374540941,-1275.3868676160541,-1428.19998104562,-1457.3778453635543,-1109.911653986328,-1388.5313481448754,-946.4726492172362
GLI1,1368.1646195440105,1015.5121437274389,1801.5065970612536,345.2024000930339,1428.1480169851347,1690.9069061335845,1848.4886429839955,1882.4155862715986,2044.8530857519795,1761.7546313080538,1931.1039534697386,1906.909373770342,1913.4760585728118,1549.0106848875082,1611.729194945541,1861.4701319312676,1841.4420917657878,1789.9602227868306,1878.6235464164217,1263.4407271735784
GLI3,98.80055896737711,-253.85388537957115,487.45845620273593,-897.9544879619892,219.80347585124235,310.2799350945801,510.0853776016622,619.5921253898138,635.6623967093808,503.91314819879403,1060.4678871219028,618.6845932452522,770.1001853482076,214.40102631039514,370.8067202290183,556.4580352515397,618.8873405159784,316.01953431986544,560.5871021327919,220.55338623890881
GLIS3,-424.97419124588697,-542.1858837992833,-258.85990743319036,-1134.8453995911418,-402.87241708342566,-411.23643071355497,-240.75644738090972,-237.86415914500296,-54.296808055324355,-279.7495088053026,1133.0194276963698,-417.7705018764776,-77.5266155665396,-546.9447765540604,-237.05054188166307,-196.28578973684992,-213.56637102801358,-372.96335721892666,-139.13977829150627,-158.2043083789414
GMEB2,-2829.703719397736,-2537.8886792237163,-2982.522523368529,-2484.8558769264255,-2899.3382407390322,-2986.583971382085,-2971.9000606115487,-2975.5355896978485,-3038.79577934091,-2941.2932583574407,-2799.84465539068,-3118.0430086542437,-2918.9454253497256,-2707.9753463521947,-2853.245255287154,-2957.889557685462,-2884.9656874177704,-3038.984433962922,-2984.1748839734605,-2638.6021672816664
GRHL2,-264.8580475114719,328.750573604418,-658.2884519351669,548.9715892102826,-452.8000143562623,-405.83108100779043,-859.6629285675486,-985.7888477793362,-539.8177147130646,-801.6764275231376,-1373.630975236785,-330.30018103502397,-1059.7361214702398,-746.12499149469,-797.4190020332204,-902.3629530158782,-1093.2683079185074,-482.7823079834414,-829.23952167458,-522.9049033805702
HES1,1241.5892339289653,801.0726272151567,1625.7777417555137,1325.5631276080442,1556.2735149706652,1203.5558068760395,1598.8121157741177,1590.5313334959444,1427.1317245688304,1594.7813045372436,1170.8676314542467,1366.8678250902199,1729.9229016550755,1670.145569527367,1519.8178368902454,1573.2852019250154,1673.8178732728854,1599.2268062181954,1698.3643353301425,1373.3353823012146
HES2,-248.7146040649664,-348.15963317100017,-123.46748497715811,-417.46469989106816,-143.6995783299799,-261.1119747774682,-77.46454291609761,-78.38766924393865,-190.56024357674306,-16.74385998966435,-377.7193639746862,-188.71888941379922,175.67356090298154,145.1734254929592,-123.84383779985508,14.98494005201929,35.60674944569434,-165.80935175935167,-74.2429333446972,32.93507730772532
HIF1A,-1054.1687416735579,-919.69250508081,-1113.4634146670724,-1526.1673474847362,-1112.464221588558,-1185.5937846985278,-966.948189595346,-983.4473369830059,-1101.7275496382022,-921.1217738612382,250.91862228327668,-1323.1079669608555,-562.310723667138,-714.746103625513,-1072.4235294173197,-957.9375214808305,-884.15998896704,-1122.4796250090528,-1060.2712123834945,-432.364586734064
HLF,-1243.0276771627678,-425.2508216161835,-1633.9099154977366,-111.1770502046225,-1404.1898722329122,-1236.0082941033606,-1772.3575138482754,-1879.5704528173128,-1670.292192015637,-1709.6022718498507,-2015.0680357535161,-1607.7109206101625,-2084.5919932333823,-1433.2104009378538,-1657.873814087675,-1802.1774064458175,-1891.2388115474964,-1569.991039740908,-1770.9308071925605,-1195.1540128564925
HNF4A,1087.8847678585885,389.89971957003183,1213.7693486874252,640.2349560744289,1094.657521049089,701.8041321280822,995.7639795226058,982.8025795976968,1159.5381909231323,951.6443266911303,2305.4855177969403,1317.8368034511984,525.1709223357311,387.6959355488165,1113.5173482645416,1151.8520901079835,956.3638881663941,994.8826824563816,942.3788820760142,1069.9654954523758
HOXA1,-1978.8473833473142,-1421.6585433011924,-2462.7140041035964,-1482.572643066633,-2289.8771091495137,-2216.599232688728,-2469.733958846812,-2560.0596750175755,-2467.514981519846,-2446.975792815966,-2298.018692992196,-2339.7102979058027,-2652.5257943011816,-2238.808162845385,-2347.872622642598,-2564.351402158326,-2601.234126065394,-2271.699536962894,-2588.0792672757225,-1980.049670825234
HOXA11,-1667.195442329467,-1145.9810177194572,-2055.2828676082527,-1010.7903798960343,-1917.253021815012,-1829.189081222139,-2064.3080050411754,-2176.3536241470074,-2106.656484510822,-2062.7660549878356,-1893.2736339364474,-1917.8087563168312,-2188.013298282786,-1873.0697870477795,-1942.4586978027248,-2127.13100775655,-2211.2447525165912,-1956.2758365171326,-2122.990297915206,-1629.3886762167335
HOXA2,-2136.859736114439,-1558.6079688668153,-2582.47597034595,-1585.7031361162938,-2402.6200712744326,-2337.41821286055,-2615.550657472194,-2727.351080490685,-2571.1004499835394,-2607.220449331374,-2461.958035127369,-2400.666787462259,-2851.592087961094,-2443.00074894296,-2509.657701749718,-2702.0224665452,-2774.8082087666758,-2431.0929055029983,-2737.7388088930857,-2161.8271842917798
HOXA5,-2208.897208282223,-1668.33815359651,-2608.9683747212107,-1656.8679751656985,-2382.2428619537245,-2313.3517427518564,-2632.8845937863216,-2710.441230057118,-2580.0909218869647,-2600.328816555535,-2413.475799955508,-2325.962743957147,-2825.599772097662,-2564.2253194550062,-2544.59044378731,-2687.30382527323,-2705.184151949932,-2447.130922545308,-2686.7409918283934,-2181.2149369634903
HOXA6,-1762.7165153533786,-1267.8366651115152,-2244.039377941211,-1351.5554619790835,-2113.5325863385283,-1970.4705180275364,-2247.7331754973666,-2333.4241801682806,-2272.110282913202,-2240.0036908643033,-2130.570227879717,-2028.5502207631862,-2372.771975950169,-2063.541955268811,-2163.8885374754796,-2332.149744607566,-2364.2622564662415,-2093.679870261852,-2370.308359729865,-1796.4085305248395
HOXA9,-2580.1013522318626,-2284.229002836644,-2835.5542056121603,-2219.1736327989115,-2688.05466913547,-2772.6765707039945,-2798.0876514306756,-2822.0095759591204,-2903.753561902437,-2809.094138010699,-2400.0553619582106,-3067.012452075317,-2789.1545482789397,-2606.591478199487,-2687.5298954552754,-2831.2068157761023,-2833.668940081598,-2824.734552882034,-2890.065731356853,-2473.902117458924
HOXB3,-1546.9933365477282,-871.3951754436528,-2032.4947275069683,-707.094913635893,-1836.9740153798032,-1760.9221735894173,-2104.6501320350817,-2252.819898497971,-2159.9602722941863,-2062.501921061654,-1978.4161871499743,-1958.186542079005,-2327.986903634045,-1776.5794986660767,-1949.009935596271,-2215.193322365151,-2308.6685987585865,-1841.8136254681713,-2200.0146418684735,-1564.9941512247926
HOXB5,-2214.680976611909,-1719.4800252051157,-2655.5592347447787,-1891.896612500568,-2465.2631312407693,-2418.081873766237,-2656.8031569188925,-2718.2812100837705,-2643.965812443702,-2625.204614879769,-2406.48103377118,-2433.3700337000028,-2817.290291869757,-2480.1393254506056,-2573.7030921855,-2743.985562683721,-2727.1762650897676,-2501.7638842559936,-2746.839060264071,-2183.4423785556364
HOXB6,-1594.437678216636,-971.7086606687498,-2039.3741033459312,-880.8552913885543,-1904.2114460967819,-1678.0614085988873,-2075.768695672684,-2218.741689934941,-2150.6234641638143,-2080.0863685624404,-2026.4444566374334,-1888.9624537986047,-2280.7237376550393,-1834.7298279056379,-1958.2645548233947,-2198.138948266521,-2280.712695231208,-1938.8681289169176,-2207.4705623139807,-1582.5748777331735
HOXB8,-2197.310598274899,-1787.679468195364,-2511.872661260567,-1686.7778827204522,-2307.704496189544,-2364.2633157277423,-2544.140711791468,-2580.462725039883,-2603.5252806872354,-2545.692703814011,-2305.512396023796,-2404.662432315212,-2683.839716412962,-2379.743525332257,-2481.274263193545,-2601.082831140353,-2628.6838086430334,-2478.2021188330164,-2584.8464526361927,-2133.1079279466344
HOXC8,-2076.26696942898,-1546.8819598461228,-2553.587184685917,-1461.8526535012975,-2330.7208590551904,-2374.524931249242,-2563.880673586417,-2612.0706249832688,-2598.689283178431,-2528.7546893939143,-2398.009506101623,-2576.7585342888847,-2690.387093111866,-2239.5536292642428,-2428.0017590808857,-2626.1778709029736,-2645.9235516952176,-2382.013954640034,-2624.6808618483856,-2045.8932001084868
HSF2,-572.7575097554308,-208.0635083035429,-826.9098572320464,-77.11534530085761,-852.5093949944974,-476.35835146267175,-873.5729334756302,-962.190371472112,-789.2122645685406,-859.2920225619172,-788.0654635308558,-954.3688715740489,-1282.4705859429882,-765.5534770473027,-811.1398496121203,-919.8384152489591,-1085.7403213857913,-811.204929746333,-772.3549970912964,-662.8188803114301
HSF4,-771.9614217417852,-475.58670153943086,-983.1100580324498,-343.3698812152539,-930.934241418014,-723.6015547871843,-976.7460953383614,-1046.6203112516876,-868.6768027711697,-975.311781477505,-875.860818192831,-1062.394452654241,-1291.2110604228737,-858.220306377592,-930.0862905244617,-1093.9141696972292,-1173.0622613514388,-845.7286526281916,-862.5072072859383,-795.8387315451729
IRF6,-1915.1254330386307,-1713.2830313624213,-2041.6865882197608,-1606.9082032716624,-2085.216627929452,-1963.34144938664,-2028.5794416787994,-1972.3398268885715,-2078.4666529940537,-2017.658702990561,-1818.6394424022837,-2165.060330858268,-1926.7358094048932,-1846.1722576737595,-1892.8311679520127,-2031.9292954618338,-2021.3355219449707,-2041.1381096542773,-2126.990938844455,-1765.4181116394082
ISL1,-1645.462982654651,-1179.8867022732652,-2242.771177760335,-904.0674830103814,-1892.8195250205786,-1772.1167498023806,-2259.6866261151677,-2364.380004041994,-2156.590352740848,-2256.6005379595767,-2246.3724596101865,-1957.756803138199,-2488.2235040286528,-1961.8377398060416,-2229.6432315592474,-2413.6678846978557,-2447.3388441538978,-2159.1390004858445,-2294.446188228055,-1789.8101286451679
KLF1,6150.071568094848,5193.873222695505,6775.366505070286,5477.135125186693,6561.930596667034,6354.4963940915995,6792.55576603361,6851.129593896985,6742.5626938207015,6705.208063176073,5993.919725319778,6965.1754804601205,6898.193670957644,6308.732174248665,6469.821823831187,6774.017900056619,6857.89736204949,6741.000530671301,7027.483800819251,5752.333470372257
KLF12,6039.179308132185,4975.621497180734,6695.211624489033,5403.451983987788,6502.800919970154,6148.415377099989,6707.170111327169,6779.650739701553,6563.891665927279,6631.855109118903,5843.831565569534,6909.514313629523,6999.1423568002865,6188.121982876994,6417.873035652618,6717.159576316583,6805.602716530977,6620.038931493588,6903.434091807312,5674.526034222575
KLF3,3884.0317955105006,2968.0093390955844,4577.649548955277,3041.896288992807,4288.85496964475,4205.263513976029,4576.893099033472,4654.46352905015,4511.4560140823505,4517.383712541847,4033.5118832988364,4735.888846650284,4818.726138723795,3973.157104788813,4279.9314570163015,4657.290584350376,4729.1068095982955,4364.469144355806,4673.737836357406,3718.898650177868
KLF5,6127.238776009913,5156.87038332413,6777.774401040511,5414.518944548506,6557.953149961756,6328.700555263795,6771.261852314532,6823.992241067475,6741.830907324435,6683.274606360131,6003.858460919385,6908.708510860256,6847.566227707033,6240.472338488686,6441.596942728846,6730.243791687354,6855.371145615967,6764.167862433109,6959.841162910149,5717.331168003691
KLF6,4218.760585005309,3429.875006400745,5011.356683052182,3402.9831578567823,4579.335351971502,4465.4668679185415,4970.826775816482,5048.872888360497,4861.135267926143,4911.621400745997,4433.731859395147,5080.14980431351,5186.96782951858,4520.032523966222,4681.496626000532,5037.273634110415,5111.594254248169,4769.105372919424,5107.740197629583,4044.499405637853
KLF7,6012.4677020274985,5034.928678305002,6643.71128132924,5326.449530272809,6405.992111490645,6130.741372240183,6638.6718695120635,6721.330972119196,6560.252781726275,6572.861878870738,5742.0039790174,6915.408552395807,6828.508118567689,6125.6449260295,6307.429591967294,6647.998016891856,6699.713160602354,6551.700378849633,6875.671117423813,5616.0104630921705
KLF9,5128.355453333384,4426.617992627178,5709.629996011629,4517.750219667595,5568.965020015511,5404.33195335997,5695.759297111336,5729.127267729678,5765.8712396736,5618.470364738333,5051.055234227248,6026.998992933242,5796.759024806899,5269.164561699866,5373.716141337836,5691.388917611806,5747.63820796453,5672.8800216890295,5917.170784611894,4799.42694158815
LHX2,-1033.488150275784,-353.3360260607132,-1534.3695948134161,-65.22237963072027,-1283.7620712664336,-1213.1586410171449,-1666.3088726902884,-1758.734126408898,-1554.815316538943,-1570.815728731809,-1910.3535412227811,-1487.8514259522944,-1937.677220101488,-1412.4907431914933,-1509.7984408314921,-1658.8861294070205,-1806.076011967094,-1433.6482342607196,-1756.0329454531345,-1083.5619355914869
LHX3,-469.593935036602,396.1694214373493,-1130.5292265026271,946.027700032082,-753.6544638588189,-686.6454487930588,-1154.9362215645276,-1320.827878070097,-1190.0915731431242,-1082.8597151605409,-1494.3369638345348,-982.0955881874709,-1484.4141735705334,-750.1554093315707,-979.2083894548441,-1222.116436753991,-1339.4875708550744,-900.6345838138906,-1250.0503772602638,-478.7058528282086
LHX6,-1948.229705385738,-1219.1984962012941,-2433.060810727063,-1413.9507149972287,-2126.38969263175,-2159.336571578921,-2437.5227592806373,-2594.825370933549,-2375.7109003114338,-2404.5378946530936,-2308.9358389832314,-2205.591710371462,-2638.7043124540487,-1987.7709549187414,-2337.223142972335,-2533.2627592098584,-2560.9181584483254,-2286.2905202894963,-2518.9783270959983,-1932.9658750338053
MAZ,5916.749786795371,4990.992511929986,6446.960917713961,5436.058540262892,6308.610775858319,6030.330398150656,6424.954259940177,6445.159154199798,6459.75197857013,6376.433376630106,5564.231719012531,6658.474609811518,6730.647452718929,5812.8559116267,6082.056747044857,6464.02167479316,6434.304269825335,6442.45638413538,6618.964225226015,5501.238814708118
MECOM,-48.59636583249217,520.08541641953,-602.0096422361378,720.733224788564,-308.8918899873808,-44.3485230068712,-649.5710876411483,-763.7179102790348,-408.8923740893278,-605.4315139377557,-1166.1714017100826,-318.24651816370596,-1020.2566558072481,-504.0302069260323,-537.1558881769348,-724.5801488994096,-898.4943692458298,-376.2462673090744,-731.087243882038,-295.91037641802797
MEF2A,1817.2375351712324,1982.3596061974222,1608.5760444907537,2490.528775378103,1790.62549484749,1884.2730848714693,1566.159174335105,1547.5614775537372,1673.422519434318,1569.899742691757,757.7543512824519,1920.0504757549531,1174.510801134214,1380.9304613069069,1595.5788412268153,1586.4923374721009,1451.9680617300235,1714.5867206392072,1545.1910008622892,1595.5955175214906
MEF2C,1561.1726046735375,1784.301713544857,1302.6602701196255,2415.724297442555,1516.3151505087433,1584.1785137455333,1285.0567841924963,1256.1427507268495,1360.6328724928755,1318.7251284467138,379.580086044926,1493.4136180225669,895.1353715933102,1227.9855558012873,1338.3927402863633,1299.91437460626,1231.616989807845,1414.3539316401138,1294.956626582849,1316.7156105520446
MEF2D,512.0414728287936,862.9276906573814,285.1555394827335,1315.4309083402177,379.62354300231567,576.0297625705113,210.62439730702604,137.71355714239164,348.5674688829906,242.7008772644537,-369.8219672290478,337.0256318757237,-105.98278758314709,164.90996461442404,263.18393017951377,234.93101742729894,90.24966521760486,378.6518655348703,183.65354304075316,359.8497841036989
MEIS3,-72.88400365658572,105.24787289597735,-172.50992531585956,380.16099015669505,-117.66729794362375,-147.04042722174904,-287.13907375608426,-350.82229097368383,121.50415126702777,-240.68081138317663,-1460.986824222952,60.82412960987702,-630.2200244337589,-275.2386439944254,-112.26960287999931,-311.68724434366663,-346.4316986756699,153.06915177773055,-353.68224859039015,-368.31978868997555
MEOX1,-1615.2309765277148,-1020.6009005497839,-2133.269014668477,-1040.7560135353287,-1947.4683086703947,-1841.676563026459,-2147.6166766855386,-2271.321087887384,-2107.1252815099488,-2100.9198375865562,-2071.953937486245,-1931.1017135882687,-2340.720549006649,-1721.2077441712895,-2003.5644038016694,-2232.5401186094778,-2320.1823193122877,-1842.7579260467576,-2222.42129183812,-1635.7042696772457
MEOX2,-1447.6970320961059,-716.1913960847132,-1959.3611596502687,-737.341994512266,-1794.5564417209625,-1661.90018884455,-2003.9491415353648,-2145.5599596777784,-1990.970344408657,-1963.8023892986569,-1902.8841240979366,-1753.1483707965535,-2277.358061871047,-1675.0802963390727,-1864.3929466223412,-2123.4168364487577,-2181.143856363046,-1695.167508266124,-2122.0659888572627,-1473.1825311788095
MLX,-1809.6984994073684,-1583.5212611580912,-1994.033413073429,-1601.7883089207826,-1915.5607872289875,-1870.5738363360767,-1912.6272946914642,-1967.4658481425417,-1940.9463258034448,-1891.5277646512454,-2439.307256793768,-1998.0495623163342,-2019.4642124245129,-1673.348571960848,-1840.8824184826417,-1984.575240157334,-1756.2725994733962,-1916.087507354301,-1982.2031879822391,-1627.7635069340406
MLXIPL,-1656.668948335402,-1482.8217600014045,-1834.178617459675,-1588.748814839398,-1792.5774577766895,-1731.3193589562525,-1765.0141206549279,-1820.412223191992,-1816.3720306383354,-1744.6450566931894,-2382.2910533952468,-1878.7023412994863,-1781.3877523759816,-1476.561398158103,-1724.929199346933,-1760.0225145187492,-1619.6453719238434,-1803.4554737571032,-1831.8646810121272,-1372.9532058131804
MNT,-927.9960478203953,-764.975899747993,-893.8668382920387,-1261.5378684241691,-927.7666621302855,-921.7145715714065,-825.4655553256664,-839.573668579571,-919.8371302717434,-753.2760613791284,-608.8041395823204,-1095.6094195740357,-526.4700515914161,-500.60527471202084,-857.3188798687469,-729.5110351756365,-685.5636392300019,-929.6169133664622,-947.2527165895676,-370.1988523029554
MSANTD3,820.4695203854568,684.2652578738106,1131.0950122716522,387.44825863780665,1087.6683138975543,1113.8408759765614,1113.9566968202303,1117.5080130074589,1201.4178547191987,1081.763005418148,1098.927729560479,1151.0116067798044,1109.3303848769679,971.2171803203836,989.9478789608534,1126.9699684707493,1147.2282701514387,1115.251795931642,1080.3884591152116,713.2707568599226
MSX2,-1676.9365618337501,-1213.028324208869,-2025.0762473111938,-993.390753941272,-1841.5716655989352,-1885.0758178398087,-2159.573048765641,-2230.848094305543,-2164.3339938599665,-2100.4591170648855,-2213.7256597109044,-2061.21181246986,-2245.646629266295,-1962.607549656187,-1993.3274724273538,-2188.8931863920284,-2255.143788095901,-1967.481394313722,-2300.3335444808517,-1657.3958028599864
MXI1,-799.1576827528396,-614.7309998286049,-724.6715951494855,-930.081099987831,-1079.0178886084364,-581.8067167952825,-945.3649274203839,-1083.6485343244412,-539.3308070724358,-990.6778940405593,-754.6432497144109,91.50033306253067,-1278.3923004129024,-1271.8689920075485,-975.2985390382851,-892.1063486728233,-1092.5897669580454,-1025.970120766906,-1153.4745427871576,-771.3608643216228
MYB,-863.1314562208698,-545.9678497610673,-1255.388345619284,-769.7249617386813,-865.8855682739846,-994.0210635726065,-1131.494421463754,-1209.1574922514144,-1040.5518235483435,-1183.5389555674426,-1153.7078203865342,-1275.193603515524,-1391.1251212910233,-943.312291659462,-1210.5890059069027,-1263.1915457715616,-1210.3608317284293,-1158.5805292054463,-1156.9045678977654,-997.3492736531741
MYBL2,-2602.6079515013016,-2311.5678505726905,-2774.563674005439,-2322.8230156655272,-2773.5323196837767,-2646.0735087652115,-2767.4166953453973,-2795.1089491589255,-2829.0019139681835,-2725.195059300616,-2404.9717416219833,-2988.86991906207,-2753.711464879738,-2516.229951133494,-2629.848289890694,-2809.3819804683176,-2740.958918639043,-2874.6483851265402,-2809.238633325878,-2404.862841149008
MYF6,-1043.1059836891036,-609.8256024814406,-1428.691957180021,-555.5164188268623,-1422.4573321539403,-922.25997005541,-1462.016941886495,-1572.6083577953127,-1303.2239044018859,-1473.8645906349268,-1630.6643550768588,-1038.1508425456457,-1722.5319642746836,-1441.45477808382,-1397.5570560036283,-1594.672908918572,-1603.9691865664036,-1415.621290730765,-1525.4161616462538,-1095.0314307943954
MZF1,753.2290473057307,165.14417912167943,802.1479676545512,899.7409765498362,808.1293811630657,323.59825094030396,764.3549511275717,816.49967746357,811.5515656323622,696.9516618739882,1480.8497485358541,821.0774935386145,-122.23987920016472,-870.4406568290939,1135.8217584431065,691.3421656805115,732.0804703133055,603.2054331738293,764.4203506736777,1509.7854564573984
NFAT5,1308.354973448833,1776.1828647433806,881.0199918751744,2518.4769384183896,1105.4223674794384,1286.4012380714412,762.9483653155534,635.9613886514843,920.3582370969845,784.9531350370196,47.23410797109147,1216.8603888945909,379.3397813613963,719.7287504686632,866.6929743458049,698.954714040902,423.30968884306793,1145.4863428441029,786.9359601368626,961.8526150339926
NFATC3,228.69764613239386,737.6296060867554,-225.04425273623704,1343.1442901670111,25.588038485685612,257.5465693799282,-265.0835061792878,-395.86993817116644,-75.62649902989624,-229.78338195422265,-844.7511000596801,75.07713897421495,-594.4150407660164,-185.06657696437185,-117.78252846260405,-323.00682692450124,-527.6986283509995,159.38652508288106,-304.2229911368145,-7.040612076909381
NFATC4,123.38730829852929,545.0150976229983,-341.68802464959055,1074.0842157165744,-172.8873475678583,96.96822511637174,-391.46297561941765,-486.9813097386747,-327.0065250832459,-377.0801771629184,-946.0950476583214,-33.31615351415193,-650.9504416773862,-231.50399897483356,-281.4315847154223,-451.9568807825331,-660.7304507128431,-129.04408813179742,-439.07807637024905,-129.2544754854641
NFIX,2249.971610272573,1910.0692056955315,2605.5960625850994,1472.8367471025895,2374.0337551929115,2563.709954288593,2505.0600048657557,2483.5931785533126,2658.3312103249636,2439.318082849161,2365.1941372819215,2784.457407995548,2370.8587775271976,2187.8808061911122,2135.225904744409,2518.6432279746273,2436.3728317907526,2483.1716986079164,2615.082645162019,2018.7536574638727
NFKB1,785.5124208845642,391.4003976306906,1096.10395890187,0.2271398141416454,821.1411011775266,914.8610717073282,1067.9355999138165,1124.2790561754935,1101.1017974268036,1037.1980081668241,1395.9040026285668,914.1099553677901,1291.5963570294753,975.5777029819734,964.3309902470712,1149.1232981832677,1213.9035918142217,993.0671303591707,1011.6556163725976,712.1246914162105
NFKB2,600.4714100376815,272.80885965937,911.3469179939831,-242.47959741213475,625.4587610008026,799.6602138931881,843.3150253827745,893.6987255777656,968.2839875522087,798.1651692268329,1038.1438933980087,903.2618161322696,1005.4833316015787,645.0547887982119,736.7519838622184,986.4894506220389,960.611051403435,864.9886154096466,760.2105104454699,580.1255134982085
NFYA,-22.90599821721752,245.84382799045727,-141.00432656674735,-211.09731299438968,-16.731423349864468,-7.486360254873887,80.65428016064072,179.3759687488099,-185.4801287138599,133.54282730878631,618.1906536722032,-435.6693436858465,442.3719780939108,627.4807971510392,-34.70788339787573,7.807027867118222,336.9528588251767,-36.53917033309321,158.87249325726793,308.84504751697824
NFYC,-64.2643906436293,203.23278288874164,-237.11853938914805,-286.64450214124884,-119.03078143209926,-70.1184801818843,-23.82943407248585,58.544630340692166,-278.91021323237595,22.94393878312833,536.8346762725806,-454.43280863380136,341.49240460130306,474.8769717520511,-137.13231726009462,-95.70841619641017,280.5669956922771,-121.67526095444569,69.20931040064349,350.9909767517111
NKX2-3,-546.4358189848211,-176.00893999520522,-922.322965378172,188.10955327287712,-720.7775178815633,-460.3410822455797,-877.9744289064749,-948.4015377435692,-781.3961637508372,-857.0599389862598,-1009.292616301275,-704.0598224868229,-1011.9685307509118,-915.5886234481914,-751.2168445037505,-899.8177729977851,-1015.3155814762655,-704.4698474098238,-873.152554585022,-646.0272396977829
NR2E1,-288.5912208261334,492.965807797509,-870.8332027441903,935.3486819956844,-464.3707025474108,-514.7902909839213,-944.9654375964975,-1157.7223016874489,-881.316880375514,-901.2119144509165,-1412.3707249560518,-652.7308227835869,-1320.0997388312871,-676.1629093678443,-842.8394761299778,-975.1488512958015,-1187.1352877172037,-572.843467285022,-936.4241444868937,-389.8805816416061
NR3C1,-1969.2265629590747,-1725.6198062284673,-2034.024252761798,-2026.91900152934,-2142.1736983567216,-1954.8396560846484,-2030.6832395670986,-2006.3599510982363,-1968.944945266431,-2033.9947701950443,-1734.1861728345334,-1955.264273014031,-1987.058485795011,-1921.8076626981172,-1982.9188252197525,-1968.7316705894352,-2057.3383011505393,-2216.712595525233,-2093.2648322825535,-1818.8491122945052
NR5A2,1023.7926320224869,729.1442055759928,1375.4131351111237,-93.56629799114734,1042.9015904189096,1276.5025470979529,1411.2866371308357,1477.7983735992248,1492.1058933633346,1389.534491806876,1641.0984447595677,1343.8846489651437,1462.225818715316,1270.114919860416,1307.8408239534647,1449.2067170660628,1524.0278472354016,1163.1623272929228,1376.985452470176,1047.0944959812314
ONECUT2,-2280.8215836843015,-1850.0393102820124,-2630.9110025308655,-1879.8397572288807,-2391.0245876080253,-2621.9907406349566,-2687.947021234961,-2735.9066027553395,-2697.0686267289775,-2635.6436505670868,-2490.8181396388,-2647.890045024536,-2794.3138315534807,-2482.3869188619688,-2531.0943639700013,-2666.6308830297207,-2730.541279593102,-2659.322195303675,-2712.581969065899,-2188.3246072688894
OTX1,-1845.367002702536,-1470.909317681579,-2082.93191091417,-1333.68560364865,-1866.6864354509764,-1927.0569289917335,-2047.3698471003102,-2054.22103655653,-2006.2543658390798,-2024.5506685378627,-2041.3247687964895,-2165.9729066083873,-2176.4792004001506,-1750.5530349597032,-1902.5237045355243,-2108.6632497707355,-2035.1713811122481,-1997.2334740947001,-2024.0871624920371,-1750.8559532409135
PATZ1,6651.507051227606,5601.688096261886,7195.983556432217,6103.90292792269,7047.675728289684,6694.864355080045,7204.2539378861375,7239.999221848433,7148.555558066023,7145.685667014678,6307.748235338864,7326.463164925105,7481.066397085363,6641.198948513274,6863.610853421833,7215.552809246552,7240.68522444477,7169.775810258586,7404.5732805490015,6177.035466776891
PAX2,-1745.0201815771209,-1540.8461248104404,-1854.7524468956515,-1532.8283001938546,-1742.6105077485497,-1787.0817309512133,-1849.1936866357782,-1850.1647175158735,-1848.054979855797,-1808.1480178380684,-1515.3095502590288,-1921.393512920062,-2165.5216188164572,-1574.237354626779,-1700.6082517936575,-1945.78672900973,-1829.1617986765773,-1800.3616226016359,-1847.959416333922,-1820.3075002599385
PAX6,-1700.5734232525606,-1060.22198232823,-1994.2305120568026,-1393.285396441936,-1885.637297448083,-1547.2871791206883,-2006.2112981025039,-2098.9004224287237,-1877.7147498757038,-1998.2291164630626,-1853.7744924692433,-1938.2966494226464,-2155.4997719628864,-1740.1084801830257,-1899.9291004690244,-2010.4115639189208,-2100.857314579066,-1857.133630411873,-2082.0408041469946,-1553.2420647945448
PITX1,-1478.9456981592393,-1192.928362806304,-1656.1243071504791,-1158.3656863729007,-1502.0605482320184,-1496.607096206657,-1656.4514448741998,-1709.66213877932,-1636.6493833942166,-1625.1971708263839,-1736.8576538435345,-1559.7171608151905,-1628.7393722704455,-1451.6231838049148,-1526.444902654279,-1674.0066767898268,-1689.0578514368347,-1669.397465064935,-1653.3377877845185,-1383.2742206739777
PITX3,-1444.2852208718105,-1106.031629184954,-1696.2560820928318,-1068.9530725533934,-1537.0861668290493,-1566.9358836197314,-1705.3282164046161,-1776.7037798403267,-1687.0715238234134,-1671.4668121322497,-1819.2903789364138,-1638.8502835592328,-1774.6564290993058,-1395.004462921299,-1557.396438696505,-1727.501961943312,-1751.8092564715193,-1671.757553517829,-1707.4753734410363,-1388.63139849601
PLAGL1,4136.480804216518,3531.583856854544,4697.089973431459,3397.5906436540727,4512.508577270978,4521.057780160161,4641.759031921961,4601.918553925608,4853.324163184421,4559.631849524688,4103.659302159313,4988.7009960609075,4540.7019726895505,4167.740635380314,4241.433231507065,4590.740461376949,4610.313581327457,4774.403463427351,4826.055359681235,3793.558082432517
POU1F1,-264.1977159931024,503.92514445939787,-860.2770132726112,1116.8286235980302,-499.21474833096124,-339.6682394073302,-988.7535399113768,-1159.232980403315,-806.5681937219194,-907.8784544727594,-1558.7022751011368,-733.1877633308766,-1474.533570154112,-771.2129816775612,-809.0408484577326,-1078.8485635664624,-1279.3701556006886,-652.6985610245982,-989.7855518666505,-411.89872289964933
POU2F2,-244.0037689206816,482.0363862038498,-794.3674244116612,856.075206176956,-552.8604713867915,-260.32127301372697,-932.4946891989247,-1062.7596293679792,-754.3316335910105,-861.1689907467564,-1400.5786520970635,-647.9935939621084,-1353.1481172969718,-732.5751238849228,-745.9766625466046,-1010.5470079402037,-1207.0301633652432,-557.3608015285112,-998.4289994695621,-426.4624706122474
POU4F3,-108.76882805233909,592.600266405082,-723.9507827762897,1050.7986982999328,-407.21453588868616,-303.46099772781656,-819.4599773103746,-914.2209254996189,-748.7554431464251,-737.9846004225515,-1156.2657624493193,-561.8953868199708,-1127.2823305635334,-626.56264689036,-701.4551158521758,-837.5771023878957,-992.1839937193841,-466.8334716635073,-855.1660445103621,-255.49623829855744
POU6F2,-1121.1887577501143,-500.7681653019475,-1587.8312250022486,-460.2740120479937,-1405.8107331737851,-1311.219756999758,-1690.3159020959065,-1794.870598437655,-1474.379563592879,-1647.2651723905242,-1876.61353118045,-1169.0528026515544,-1977.4452843045806,-1383.1582422155514,-1582.3810952234312,-1773.0719233451864,-1840.6560615711455,-1393.5324255568069,-1789.1766762542702,-1234.3827975009563
PPARD,1073.7260411605391,874.4637590136327,1114.0171700264023,840.6167660893934,1094.2013434761325,1025.3909267187564,1142.910453196429,1122.7097600957616,1067.608156290701,1138.7477829862964,1384.839391856998,1159.106639041121,1198.7277481818119,906.4354196502917,1149.2598980088346,1130.5092634942207,1102.4754274585682,1105.3415810586728,1147.50303819742,1265.1565882494806
PRDM1,2195.8581895896036,1630.0108953290357,2274.281831672684,2763.589844621222,2368.5637060807003,2133.9335050941904,2139.405162406895,2147.2978297396126,2399.4635337306486,2093.2428788645398,1215.404596531344,2793.5306568842493,1840.470757298219,996.9504165509275,2125.5777657951976,2080.592873749654,1726.2080104962533,2408.047484842531,2424.6892331511176,1588.5149329604155
PROX1,-1807.5284088483952,-1509.8863317553553,-2053.255523086631,-1485.7796461069238,-2009.9987211544158,-1846.9062706664133,-2006.6276826233857,-2058.508271103948,-2032.7066336838375,-1987.4815236772793,-1701.2883522928357,-2211.455765579177,-2056.3897311193437,-1925.3904700080298,-2017.8802512060558,-1970.283840990754,-2013.910143374219,-2046.2413896946248,-2043.4429878609792,-1738.5818432917395
PRRX1,-1509.5944561147267,-923.1846876346583,-1995.3571883263755,-869.7731861297123,-1683.160512064265,-1817.272007098047,-2059.407396809719,-2157.3109050363787,-1959.549998703106,-2011.963928007813,-2056.8699651445545,-1873.629999310675,-2255.0544405016185,-1678.3107855892506,-1906.2615680244646,-2113.421932665672,-2150.2888082520694,-1827.2725321245766,-2113.4188940669414,-1525.9762628388648
RARB,-635.722245832394,-418.58161286338145,-651.6818952116975,-943.4220375470729,-684.9323260329461,-715.6240843394706,-640.3063537500393,-775.3434733289043,-771.1337727210451,-663.7176423969013,565.566361722531,-904.0176742582579,-582.5708904684116,-487.2484656338559,-530.614983723008,-599.3785221158789,-456.9884872195945,-821.4869556888104,-895.9967289311985,-537.4894459891935
RELB,684.565854806223,769.7047506575746,743.3349880915447,725.1499973555867,776.1314087006504,505.7707021755614,877.6235039671822,758.1362159243748,701.1890284360386,772.454905183479,1984.8357194652292,786.7171362369812,562.0022624080299,182.1473298267924,784.597051250419,753.1447942317351,642.4851061750833,768.5027137247013,859.9636737975113,709.8658793899467
REST,-2612.4577501891645,-2387.932075311839,-2670.1046337289085,-2585.8699836129954,-2714.7147734348387,-2681.0556511490604,-2749.5470123289565,-2757.7321140956847,-2707.691014509531,-2694.880429381055,-2277.5195377645955,-2788.182138671873,-2817.507213930814,-2663.929782050037,-2664.4999799236944,-2723.5247465503876,-2838.3465320061478,-2750.719456534322,-2761.242144475349,-2401.969862226806
RFX2,-1618.0682041867728,-1364.937263095355,-1782.157883802269,-1573.3579175177517,-1732.862320462037,-1649.8030947550467,-1789.8156319170523,-1776.7262390379533,-1768.6030582102849,-1673.7382902897698,-1597.9725605937247,-1798.6427628926583,-1725.9499834486103,-1408.1747302459767,-1710.3975569299666,-1705.1353744801513,-1636.9772570902492,-1772.1840478417512,-1745.0112141556938,-1574.6174194567388
RFX3,-1637.8037973562602,-1207.3452668814023,-1912.443805895851,-1712.8529960800572,-1786.600438484235,-1696.7201773462036,-1903.6179707549404,-1871.9817324094904,-1888.5358733004284,-1773.756063051779,-1126.0730509337366,-2025.769277877179,-1740.5235193456024,-1446.8345524121187,-1880.3652426662106,-1827.588073977784,-1711.1487455173597,-1901.7401990449057,-1811.1573072554884,-1662.540689994362
RFX4,-2039.4228421118378,-1728.865706571362,-2193.2974374216324,-1934.7930793341409,-2135.867818368714,-2081.32017645656,-2271.1335674245074,-2180.6848866187197,-2164.573939417521,-2167.681073194198,-2095.3700569198268,-2233.3094006155807,-2124.7567108066683,-2138.2436593417356,-2146.068972464921,-2264.350397706298,-2028.223623599532,-2225.731615125826,-2284.4697973352545,-1977.0425397572064
RHOXF1,-1228.4520230743306,-816.1019717958766,-1494.3849090155975,-862.3108120653778,-1245.3883226090607,-1296.9861385530628,-1536.7155621715792,-1644.8039036026632,-1457.8824373503458,-1497.1288800045688,-1748.5080228204201,-1361.5016911316966,-1661.4260963437391,-1269.0182156946007,-1435.9441040757467,-1580.5224902077175,-1623.6416006883187,-1389.9353351572383,-1610.5390492654278,-1202.2889789300054
RORA,151.2320432628541,422.8131843332566,-232.47089494081916,357.83073946350333,31.046177325366866,237.94229496369675,-144.93221459434065,-146.30062081605902,-24.627845784765988,-122.72205935317326,-441.14510654807987,-51.00484101884772,-305.1234051951135,-143.58148533785862,-96.09364350839698,-106.23053317671759,-314.67320153928364,-20.633799574054343,-56.355992370100935,2.6392089409104615
RUNX3,-125.24297820685675,186.9769975944384,-331.59327291444396,443.2018536015034,-281.1977197391947,197.98088991968203,-375.5915916207267,-448.034617246308,-73.65191076709283,-380.8844933577094,-410.9140980774736,-9.887504997295865,-613.1940221700673,-500.0174611226132,-333.15313690176504,-340.81657571444526,-491.6414344684914,-39.455481661703686,-490.7334200161723,-345.70670056039023
SIX4,-260.11210173251396,161.58116815739731,-617.937934987023,582.9908089836061,-529.9323741199103,-397.2057476617523,-744.6611444399384,-823.1869981191513,-542.2483547179305,-708.8297514514359,-1425.3728285805887,-510.94395645242923,-1022.0645380354958,-670.2706196649101,-739.7965054379755,-781.6779351494974,-967.8755352264557,-369.1416297363185,-837.1807340942065,-523.5610981954162
SMAD5,-2387.7903632426164,-2173.1473956414384,-2550.7966620815914,-2316.7986733539606,-2477.686404164103,-2455.4166273156775,-2510.6797410949516,-2556.5269887131635,-2531.3092586468824,-2496.8425913676188,-2279.204359159221,-2522.5207452010895,-2460.024284752045,-2353.1804532365436,-2350.463673198588,-2499.742738484242,-2545.287583325972,-2516.598131369092,-2617.438565254756,-2232.0065140131196
SNAI2,1617.3980758888695,1269.8811481358896,1989.304959398742,544.81806581183,1564.7714061277825,1863.5586848313299,1973.2135726992428,2016.2760198169804,1992.8338169250558,1902.9147986239732,2156.3240563614413,2100.9602138781643,1998.0106366940054,1664.4324213732164,1784.5750297299303,2005.8209143596052,2034.8305975768099,1945.4380899750054,2005.0621078431552,1523.5752090638143
SOX10,679.3666401491506,1075.6198280382293,466.44900786930594,1737.3181069998343,579.372750103816,731.1298044304677,334.4281142307265,288.16259366310203,566.9448842691567,315.0176883552408,-1028.0472368331716,1053.135294674821,-18.850878637209764,278.53478104351643,401.4285825254347,250.83956630047086,-45.02640841837918,518.8175407964228,484.8730886632873,493.7454212691293
SOX6,474.5993821292719,805.1242998587742,322.6325663696135,1209.6970607520354,354.7583300384924,498.9086474767398,146.5458322773472,70.70343659286881,308.3570722475892,134.710413646072,-641.5582206036681,649.3060785078433,-167.43613491013892,112.24014774968636,204.89987525413875,187.54347894386234,-246.4890117642486,246.9623712732978,190.7996833688104,309.73965350818276
SOX8,-581.4896571659804,137.0318018358224,-922.8104388235488,616.1570635608011,-779.3594524836242,-677.4582286619359,-1097.245665814515,-1267.3541092684227,-1020.5525538945078,-1049.92489475828,-1557.1685277711815,-791.0582712207556,-1469.1105826079497,-887.8746150702858,-977.4077826290523,-1142.832264749272,-1334.406842949635,-852.3063419404833,-1093.4739969493282,-737.5511790018373
SP4,6049.9758313856855,5049.742965365591,6702.522251930344,5393.068655325079,6472.846557468317,6261.233517581662,6704.64214881842,6766.450254076993,6656.205159688889,6632.478263681116,5838.454990284201,7030.462636773961,6933.927838927853,6186.574319435462,6382.233150307518,6722.042491521024,6799.273288889407,6710.959578617009,6941.237859348549,5678.493793719669
SREBF1,1455.5207702526698,1194.3662364160389,1783.087607301493,789.1965660382641,1589.678469989938,1551.9070532884998,1801.508990873274,1879.7567520461077,1834.7745484184118,1807.7181001206604,1718.2831519823308,1650.6469793597305,1913.9236460757768,1622.553278015849,1746.0645388809423,1866.666740716822,1909.3288203494421,1659.8943921169894,1741.831742463066,1540.3429200307676
SRF,-2337.127055773705,-1873.0232836095195,-2441.32365004911,-2335.6066246616015,-2549.941090100615,-2287.0400438763118,-2588.3413645588425,-2629.2999321865545,-2400.3677870391707,-2591.1725187306674,-2346.142824197463,-2339.1122121303456,-2713.7270209553612,-2596.9802080005416,-2572.3420307836523,-2664.5958116629768,-2654.6268345685844,-2458.7644098989576,-2684.4603855470878,-2308.8813243231975
STAT1,750.9325448369566,951.1958252959408,504.61506254097293,1409.5178830122277,606.5662453811747,913.7529571206122,454.8896876896107,371.3875324435866,725.4118995508778,459.5438151195108,-10.639745825426452,829.0849342969819,27.52831242222044,248.76096184475105,502.1309907050476,408.8771686672801,186.63347204505817,812.3535601102578,378.9688162117024,284.9034368120136
TBP,-1179.987572996923,-425.73238673825733,-1532.6072417741148,-176.01584345418811,-1325.447575743756,-1274.7098292182347,-1606.8509816890344,-1682.9034205233102,-1562.6809664217833,-1556.6820139422261,-1699.634057219266,-1596.7738408129037,-1905.477851935537,-1219.525796586801,-1489.7677972156882,-1684.5722718063919,-1732.9643938412692,-1412.840259723261,-1592.3932144690807,-1042.0237820435518
TBX15,-817.8292172694461,-683.4378932229466,-804.527142630396,-808.6315528430338,-884.398340388458,-714.3889683838308,-940.6687312655126,-960.6664926746259,-650.3827929897656,-860.5920767362364,-884.1608845236091,-573.5064859104958,-1174.5953914630297,-1046.9464198577064,-867.9086605149319,-874.0594549751972,-964.1572692267923,-837.0315321133947,-1035.6501764714678,-640.7998557272655
TBX18,1352.0506083261184,884.9452144048295,1388.1439047430842,1106.586623188998,1404.2572494202248,1209.1447131942232,1351.2743508636706,1341.875741704568,1396.0082633667819,1332.8854299660234,1963.1267405103918,1472.3342040401099,1073.996834712631,725.8004040212062,1394.1345105525259,1363.5004750025203,1259.6614619641116,1353.751485514089,1418.777156436701,1378.0880964524429
TBX21,-407.2511722242898,-246.6861916701829,-576.8680434022322,-321.79378609233225,-529.7740529299743,-295.2089174414434,-582.2688710423416,-649.428789924795,-370.0449157111881,-560.3361396707717,-421.57122108896107,-281.36881672413926,-628.2967518908029,-747.3430273408715,-539.4842881660124,-513.7666053024686,-662.30848670575,-470.7584350745974,-651.6185509236716,-554.1082917629233
TBX5,-161.80189640910245,-226.4125895380695,-50.4942789910178,-256.50944066691414,-263.08140208566795,-131.79967656633767,-193.19460544737018,-212.2896231883478,89.05409193653492,-167.47482484699958,36.05041784644421,78.31551896908341,-508.1963702808886,-359.25565605343667,-130.8363317436001,-146.8866269499924,-167.15072379212972,-182.68873520235394,-464.86861838879855,-25.176715379156008
TCF21,-2131.331175825073,-1615.2150220215642,-2319.397405009758,-1380.5783248624823,-2316.481938892001,-2127.592986817304,-2359.985171651769,-2447.3996693860176,-2324.63354159718,-2307.1753257748533,-2161.0804544120106,-2360.0369130067184,-2433.349051874531,-2043.2683266303027,-2283.242500692954,-2393.3047801002945,-2352.1752534206,-2162.301662900622,-2346.4651546397804,-1996.6068898599424
TCF3,2757.155887951959,2060.2815254155084,3259.4969703172296,1529.7002393815303,2828.5933668929906,3111.0653001885353,3280.0811026516603,3353.3601743232666,3386.5294272501096,3211.6834903948143,2868.53524089584,3498.206756977799,3454.203018399288,2915.901591238629,3033.9494879880644,3372.3168669385436,3381.8495720543806,3145.8258763235144,3297.7677568719346,2530.6333124153953
TCF7,-342.6850706938035,395.6823876901782,-794.6016870417442,586.659282096814,-504.15961204969955,-250.46837066737749,-815.4252845401458,-919.568088022693,-623.94378637604,-751.2391302738396,-1219.0331693334836,-189.77832213744796,-1114.7602046666261,-652.7416574442701,-680.7797365740715,-882.8993824928182,-1039.6594106135726,-496.2979540125748,-833.1611208706981,-420.29987841777495
TCFL5,1754.8951487907163,1234.3230971949652,2077.3149546012783,1988.983635109782,2079.277006563992,1649.8818755867885,2023.2613838188508,1976.7689092699568,1928.654452761667,1996.6827786301717,1539.5810720344057,1814.1714632565622,2094.94113908466,2016.3600695619668,1920.8544721521982,2010.3070530286566,2065.188069245312,2024.851637998516,2246.339243375727,1726.8202367173787
TEAD2,-143.64169753777082,122.5931766062202,-184.41763944196396,144.66134803180145,-213.1511379259063,135.09200993588644,-306.4087977447345,-381.957807775794,49.849739291543884,-372.6194968129874,-523.2614667535622,363.25677246941063,-678.9097269149437,-612.732907540707,-251.9837244320197,-388.1704239145453,-608.0991607661283,-111.97370999536307,-350.349905764828,-310.582540413732
TEAD3,-711.2672927462874,-310.0871794072067,-856.3589566594266,-199.67672996458626,-793.6323286585391,-669.2161982925111,-957.8010220813931,-1082.553764740035,-701.2393763925822,-1018.1601009993424,-1614.646216813696,-296.38456432719437,-1231.91967237226,-938.7988522503089,-907.154243876571,-1054.8830751663409,-1202.2511183624897,-840.7004156728466,-1040.1677527477639,-856.614459860619
TFAP2B,5340.184198866552,4519.626151122319,5847.51284737739,5119.886266552651,5643.2757052317675,5612.109574764581,5816.988747265436,5826.54940361186,5871.24357876516,5741.07304146099,5001.841160757768,6033.154981912249,5845.031280567433,5316.973531313782,5478.758766709416,5788.611425621711,5818.192234185853,5858.42725012112,6042.346915800394,4937.796273672947
TFAP2C,5949.704259935886,5015.539632092814,6505.748484954388,5653.4238689441545,6264.889687252552,6220.199631559405,6521.557678658474,6572.542510258161,6500.680133426554,6428.80392795111,5732.944578322946,6744.233236903364,6566.426611448292,5961.019604947631,6198.458680556321,6477.75927226713,6598.244203804602,6527.772842028511,6743.399635472058,5560.4227853381835
TFAP2E,2872.0961011547015,2200.8105898680906,3374.242346036354,2671.4197619015117,3190.330380074977,3206.035412214882,3277.8718671924044,3269.3763315610036,3417.846211556522,3251.843820553323,2742.6958935583257,3492.648331277805,3381.515552367896,2890.660161477347,2947.3847916091404,3294.3229731715733,3283.6479085506962,3277.176811548934,3484.1475536808753,2634.4701217926554
TFAP4,79.65118409816624,183.06110460271927,-39.37537609617841,392.3107765175867,58.36020879414548,261.59561579002104,-79.06037731042224,-123.7624410079869,267.8277050437521,-44.33703663438859,-672.6551672199724,304.0552896032572,-554.522626144785,-405.7979398940278,0.5990855928625352,-81.08552236734938,-129.80542056903354,75.9521071784549,-39.19771145354223,81.52588629699254
TFCP2L1,2449.1808947915133,1929.7514071851313,2792.6770855392197,1296.3198161075968,2483.57894952892,2656.7065184114604,2743.260788247134,2832.9076308389635,2936.286360256653,2669.8698086321133,2335.5292549259343,3114.3563852649727,2793.8739900656074,2320.840784505861,2484.94536927393,2769.684165306282,2756.082058364302,2760.3608106476263,2831.3569594022265,2121.082448982436
TFE3,-1437.9991441507227,-1269.5267493280226,-1638.251361103815,-1439.4231155868704,-1571.6584510797884,-1506.3507038035625,-1497.2599325633807,-1584.3062515943484,-1598.0902714442366,-1487.426774591247,-1971.877090353485,-1686.863670180781,-1477.685425874445,-1031.3398336983118,-1484.441399462314,-1513.8543913013484,-1181.8519282884222,-1527.7181174988327,-1691.3244735722014,-1114.0949522401972
TFEB,-1097.029389301581,-1020.6207317693908,-1269.68297858192,-1012.7801527754484,-1182.7984051046458,-1195.488778097968,-1182.433148236831,-1257.4183650375455,-1230.356310952291,-1152.302121478477,-1603.074463789199,-1242.015416239808,-1195.930495723732,-1038.6621497431895,-1150.8484401753549,-1126.7941586247648,-974.301985945064,-1147.0457362226307,-1302.076585571114,-850.7015136258913
TFEC,-624.9511031253755,-567.0117650939154,-677.4305461862372,-879.8835598814691,-628.3329641004149,-682.1688459230685,-584.1410096848957,-585.6186061763475,-663.6576273636992,-518.8982641561621,-722.5291936343241,-764.8616607469154,-438.68830702760135,-253.91818808597878,-581.5444921272755,-566.8064846923755,-167.94276680207597,-656.860078078054,-677.1401458536687,-178.648256769457
TGIF2,-1080.395529644582,-688.2432574808857,-1083.8383495776543,-1112.7922336926308,-1039.8844299973905,-789.964844173511,-1183.6036365315624,-1204.5391494584642,-793.6822310031098,-1158.1194307727333,-1210.909340259728,-1084.9050278955258,-1372.7528003766488,-1175.8481544527372,-1112.2778392331122,-1136.861306676708,-1198.0074733327076,-1082.7527977317663,-1198.4028103004387,-1049.4705745432036
TLX2,-1838.0650510547139,-1164.9069964907812,-2192.1537533383857,-1152.3602034271519,-2015.3872464685826,-1968.4538886895505,-2314.599357524313,-2457.5102746916023,-2266.8592729241764,-2274.522277440429,-2199.4671975396955,-2056.91206219544,-2493.4489171324976,-2088.5522943900946,-2177.7317612634356,-2374.546249167156,-2462.5211444296706,-2084.4353181851293,-2420.126513896262,-1810.632436035716
TP63,-2401.727998693655,-2004.9929801663259,-2579.1802818402916,-1977.3547820899762,-2480.359228298278,-2506.0327533029545,-2632.615218806786,-2707.8447304100005,-2622.138088343217,-2585.5040550696663,-2417.434532009244,-2707.8521430943592,-2614.4704116377393,-2432.781273968437,-2537.59248058014,-2637.8620195891867,-2642.5198311799886,-2656.204740495717,-2773.461717494879,-2203.0439374729513
TP73,-1728.1296020795367,-1458.8758463742554,-1891.7653899398626,-1603.658952750682,-1882.8686177170407,-1811.5054728082123,-1966.8252916155204,-1933.185129033758,-1894.908915626586,-1871.524950256372,-1500.3437292706094,-2065.4952578226944,-1953.0620892692177,-1735.7184128090678,-1752.4792809989176,-1957.3144593911409,-1826.7083752305036,-1941.013712512393,-2042.5712356969307,-1622.6070078813993
TRPS1,-567.6454180427792,127.65416973001423,-988.5203194981366,195.00108711071306,-701.2833546773014,-583.3987239005505,-1040.660070686012,-1193.1721223363709,-843.0790331977735,-1019.1174404785211,-1235.8773129929637,-771.6251806209027,-1299.8925517167932,-956.4274363916518,-980.138927338486,-1090.6405443781466,-1231.4765189597988,-833.4985219230822,-1105.5194727788733,-626.9717589534343
USF2,-1319.6728321569185,-1062.2351998329145,-1499.2843174085112,-1423.1375403245272,-1480.56507253034,-1367.207674663267,-1349.2142670186531,-1375.3227931277568,-1486.2654358753896,-1337.6838389187312,-1588.3275338223898,-1667.3451020467096,-1177.8596597618694,-847.7161201343466,-1337.7117947464194,-1407.3087465485576,-1022.1324572084987,-1423.8258709585175,-1503.9515110799703,-1098.5685133413187
VAX2,-1925.7096907055454,-1235.530190120551,-2353.1097741290423,-1255.8909499353492,-2215.3204892901435,-2105.8863479005718,-2392.199708547329,-2521.0508059650547,-2419.447487071104,-2375.936083200314,-2331.6723905961703,-2184.007138199348,-2616.1872114736348,-2069.757388330438,-2238.4208173762863,-2484.3323483681506,-2572.111805008291,-2194.598544748357,-2503.06555285418,-1875.6723019364554
VSX1,-1662.6614790624637,-900.4408303054854,-2152.1738699703274,-621.100888576798,-1892.7849922521518,-1795.9580656182995,-2171.6940151257604,-2334.470728431507,-2179.837252802266,-2116.6282552002403,-2145.6548639355865,-1920.794964662588,-2407.9819948367935,-1817.5497737517308,-2028.96056900783,-2264.3124567584914,-2336.4499146589924,-1904.644560258482,-2221.2005838922487,-1633.8217642191569
VSX2,-1604.4842984292086,-845.5900099324899,-2093.2598182724614,-555.6782085155094,-1832.9746852408582,-1735.814977656054,-2113.490342858207,-2275.857003120479,-2119.7439407151146,-2058.676693279221,-2104.7330583023745,-1858.8202938872303,-2353.3013266481767,-1765.4200031508112,-1972.8188479677956,-2206.233168315475,-2279.7013649984333,-1844.1526636135857,-2160.800827895805,-1581.92610303009
XBP1,-1661.1756317140416,-1385.881581239526,-1723.7690081605488,-1638.522701182774,-1788.6646781971501,-1634.355109095596,-1781.5009271661015,-1783.1941433198065,-1717.2198826020363,-1724.7652339015876,-1967.7255087056399,-1657.0746039478363,-1704.2826740382184,-1469.970709572141,-1690.1669653091446,-1795.576523306954,-1639.256756023896,-1764.8758760588826,-1791.4544462301849,-1763.3677558332631
ZBTB32,-1231.3952828390597,-615.1456776948712,-1690.2383496502591,-534.7868993770197,-1341.771050331556,-1391.4272180075764,-1692.8992024455506,-1788.7928038366972,-1681.9524462513452,-1617.2242577301895,-1701.9920182064527,-1761.9118408186887,-1861.8186164581202,-1251.6584977888065,-1558.9104130746352,-1727.666262666075,-1764.357407604174,-1505.3793636229016,-1716.2596533512442,-1164.5934112343416
ZFX,4866.896189440539,3788.275021866264,5477.795181726211,3743.221711620934,5166.099200143948,5075.540389427969,5508.182146318258,5639.2422274231,5487.536468695683,5422.296701387235,4818.573307676822,5574.268315886218,5606.29515661785,5052.087456901513,5086.163407178504,5506.115768757537,5662.172652652535,5281.327692988217,5612.7659732010625,4510.096470032222
ZIC2,2993.880648793539,2582.238422190639,3405.9756457933036,2001.892172761572,3105.208888955268,3294.6118737928655,3365.5400468569437,3388.6907859161456,3476.6793369742422,3285.774761469404,3052.212466581939,3680.8415912998075,3394.526747423158,3099.2208887165566,3032.952382829431,3359.0819466279363,3290.300567984359,3297.742070033799,3524.4187103827176,2766.0527093999
ZKSCAN1,-1181.373717529141,-909.2722881413692,-1450.918564931571,-995.1754404586222,-1277.385182763167,-1301.439518907003,-1473.2630715740756,-1505.1926742481032,-1420.930166109916,-1412.8945398664132,-1372.7487195475812,-1627.8285034265095,-1552.8227849219606,-1097.6971876753353,-1362.851493451861,-1478.6783021990427,-1511.1020456254337,-1409.429664448401,-1534.9691817897162,-1216.4493028554064
ZNF263,5722.219175421341,4998.512162861848,6139.694640414677,5299.420042433444,5912.259037209321,5926.518532685844,6125.043246246643,6173.817187896782,6237.485170037023,6045.492361732259,5342.973198059486,6526.446579162947,6113.4801224511675,5578.0605720448675,5809.237179449766,6133.2999324869925,6016.066210996635,6267.572247771704,6324.578608845803,5278.824234519234
ZNF324,1430.5333551463239,806.6367692219437,1533.1014740611852,1391.3556779982375,1687.6033518634965,1112.1796874970487,1447.9068517050005,1555.1502891976706,1455.3395663326708,1515.5515947087888,2334.6719377919694,1467.8146181780749,1249.5050449769053,420.45234154018175,1615.3761889231644,1553.8768621412885,1061.9990433698588,1512.1464819003368,1492.3404334506652,1168.7193410980371
ZNF343,2303.990042877495,1788.7754708268903,2656.476279283065,2301.6292809210763,2598.264803152907,2434.9627034988916,2700.8038503021294,2674.757374941161,2618.7934522264877,2638.3204551416393,2220.726781238386,2543.8172366843814,2753.637636106966,2483.9795303549477,2569.0858945458826,2669.973737425733,2708.7755147462717,2568.8113855615534,2837.606064585639,2231.746564189706
ZNF410,-2453.355428777353,-2000.998281589403,-2659.132008212431,-2157.441854000106,-2539.6222754428454,-2496.800473819799,-2686.4328999740706,-2706.6554745319627,-2658.7628066683133,-2625.3664156365353,-2534.1427729805646,-2693.514895769604,-2751.594939284569,-2490.951128456996,-2584.1056729314814,-2680.909034070359,-2732.41157677734,-2666.990872691353,-2755.5587107088418,-2277.145551310656
ZNF416,1868.893561639078,1598.9987736799642,2083.7500061686314,1313.963628840975,1811.9232306685683,2099.479887172197,2116.5349306271314,2144.126511362048,2190.0334358209284,2064.613469957347,2221.3902567883033,2299.5268264835922,1896.2494232798115,1816.9087730125846,1981.6208464368985,2074.848239881609,2143.4379986703707,2144.6977260094973,2189.539215957213,1699.787612191874
ZNF423,1258.1628879634045,749.5962675315922,1878.7813307937085,-31.89555614614253,1301.6573259442328,1744.6558250443588,1860.5720400225923,1942.2410023685936,2016.5759962243585,1774.6104035694595,1890.1570909388843,1957.2346266985414,1794.884739534227,1367.4695982524274,1557.4739066655295,1909.3743360950616,1936.5522708278781,1735.7447742876357,2004.6846224165624,1131.7770946844462
ZNF574,2867.03504593198,2471.2859010622424,3300.2035249847518,2012.8610681855143,3013.3172186784923,3103.7638301528236,3273.2529234870503,3264.8123606422814,3403.417638569365,3190.7538891683644,2903.1802964149065,3675.291525501669,3250.8511700333943,3009.90629597725,2993.075109362301,3229.219928984077,3260.194202421493,3271.985890478882,3341.237015421503,2633.317960468455
ZNF582,-2977.7204387549127,-2741.319403629718,-3165.538901791614,-2916.899290186891,-3104.4989743256288,-3025.039761821952,-3106.7864592953565,-3091.874976921887,-3127.9502311585643,-3132.9792544522797,-2791.221030882571,-3156.303751796459,-3203.1378368084706,-2921.3319376705235,-3025.970571155402,-3114.9648956103206,-3060.7282702199573,-3167.172650827744,-3139.6096301464577,-2817.3547805469484
ZNF684,-1650.4904097393319,-1368.114645159707,-1847.3428647608896,-1440.0785257599528,-1783.2836672692315,-1552.9205000903237,-1785.1179814645575,-1836.9346231167794,-1623.3916643402576,-1835.713485409331,-1699.2407400946638,-1548.9471462395854,-1833.656977567501,-1821.14102226172,-1786.2541735109992,-1871.5118437662018,-1845.5668336325368,-1754.5306073267607,-1912.7260974651151,-1625.414492161434
ZNF76,-42.37207977193288,-319.7694788623219,53.78737216242627,-434.8954291418633,104.79560767949498,92.11956771894648,329.9830987964143,308.31171598781253,130.5350302630817,263.8304323933016,1199.033667033354,-235.2682051820723,528.2005401523382,256.5771454478249,194.1980197939488,271.14527205498194,498.6299423251888,48.43025891715773,332.46710556926865,143.09849472733478
ZNF85,1.4067853076912047,308.5526855383748,-150.8054066060345,280.4270447567836,-219.06345150052823,187.9522258780181,-330.76091487401067,-411.3543968339411,-32.01459913110529,-358.2344881678655,-475.4380415171249,65.5873074328658,-697.2189955639892,-510.4846936923425,-287.0131699960213,-335.3285680092085,-498.8517542521822,-98.8611248064291,-502.87888162677683,-272.52308947200333
